{
  "forecast_date": "20231213",
  "time_slider": [
    "0402202400",
    "0402202401",
    "0402202402",
    "0402202403",
    "0402202404",
    "0402202405",
    "0402202406",
    "0402202407",
    "0402202408",
    "0402202409",
    "0402202410",
    "0402202411",
    "0402202412",
    "0402202413",
    "0402202414",
    "0402202415",
    "0402202416",
    "0402202417",
    "0402202418",
    "0402202419",
    "0402202420",
    "0402202421",
    "0402202422",
    "0402202423"
  ],
  "surface_level": ["surface", "900hpa"],
  "model": ["gcf", "icons"],
  "params": {
      "temp": {
        "scale_value": [
          -20,
          -10,
          0,
          10,
          20,
          30,
          40,
          50
        ],
        "color_range": [
          "#5b46a8",
          "#5862ba",
          "#5980c9",
          "#6cacc9",
          "#7eccc0",
          "#93ddac",
          "#bbe99e",
          "#e7f292",
          "#f2e487",
          "#f6ce7c",
          "#ef9367",
          "#dc6059",
          "#ba4554",
          "#9b314f",
          "#7f224a",
          "#701b46",
          "#641542"
        ]
      },
      "pressure": {
        "scale_value": [
          -10,
          0,
          10,
          20,
          30,
          40,
          50
        ],
        "color_range": [
          "#fffcd4ff",
          "#b1cdc2ff",
          "#629eb0ff",
          "#38627aff",
          "#0d2644ff"
        ]
      },
      "humidity": {
        "scale_value": [
          -10,
          0,
          10,
          20,
          30,
          40,
          50
        ],
        "color_range": [
          "#ae6e38",
          "#ae6e38",
          "#ae6e38",
          "#ae6e38",
          "#ae9238",
          "#69ae38",
          "#367b94",
          "#389eae",
          "#388eae",
          "#3885ae",
          "#3870a6",
          "#384772",
          "#384772"
        ]
      }
  },
  "file_suffix": [
    "0402202400.png",
    "0402202401.png",
    "0402202402.png",
    "0402202403.png",
    "0402202404.png",
    "0402202405.png",
    "0402202406.png",
    "0402202407.png",
    "0402202408.png",
    "0402202409.png",
    "0402202410.png",
    "0402202411.png",
    "0402202412.png",
    "0402202413.png",
    "0402202414.png",
    "0402202415.png",
    "0402202416.png",
    "0402202417.png",
    "0402202418.png",
    "0402202419.png",
    "0402202420.png",
    "0402202421.png",
    "0402202422.png",
    "0402202423.png"
  ]
}